agentId,agent
1,omen
2,sage
3,brimstone
4,viper
5,breach
6,chamber
7,cypher
8,killjoy
9,reyna
10,sova
11,phoenix
12,raze
13,astra
14,jett
15,skye
16,fade
17,kayo
18,neon
19,gekko
20,harbor
21,yoru
22,deadlock
23,iso
24,clove
